--
-- PostgreSQL database dump
--

-- Dumped from database version 12.9 (Ubuntu 12.9-2.pgdg20.04+1)
-- Dumped by pg_dump version 12.9 (Ubuntu 12.9-2.pgdg20.04+1)

SET statement_timeout = 0;
SET lock_timeout = 0;
SET idle_in_transaction_session_timeout = 0;
SET client_encoding = 'UTF8';
SET standard_conforming_strings = on;
SELECT pg_catalog.set_config('search_path', '', false);
SET check_function_bodies = false;
SET xmloption = content;
SET client_min_messages = warning;
SET row_security = off;

DROP DATABASE universe;
--
-- Name: universe; Type: DATABASE; Schema: -; Owner: freecodecamp
--

CREATE DATABASE universe WITH TEMPLATE = template0 ENCODING = 'UTF8' LC_COLLATE = 'C.UTF-8' LC_CTYPE = 'C.UTF-8';


ALTER DATABASE universe OWNER TO freecodecamp;

\connect universe

SET statement_timeout = 0;
SET lock_timeout = 0;
SET idle_in_transaction_session_timeout = 0;
SET client_encoding = 'UTF8';
SET standard_conforming_strings = on;
SELECT pg_catalog.set_config('search_path', '', false);
SET check_function_bodies = false;
SET xmloption = content;
SET client_min_messages = warning;
SET row_security = off;

SET default_tablespace = '';

SET default_table_access_method = heap;

--
-- Name: galaxy; Type: TABLE; Schema: public; Owner: freecodecamp
--

CREATE TABLE public.galaxy (
    galaxy_id integer NOT NULL,
    name character varying(30) NOT NULL,
    galaxy_size integer,
    galaxy_mass numeric(3,1),
    galaxy_searched boolean,
    constelation character varying(30)
);


ALTER TABLE public.galaxy OWNER TO freecodecamp;

--
-- Name: galaxy_galaxy_id_seq; Type: SEQUENCE; Schema: public; Owner: freecodecamp
--

CREATE SEQUENCE public.galaxy_galaxy_id_seq
    AS integer
    START WITH 1
    INCREMENT BY 1
    NO MINVALUE
    NO MAXVALUE
    CACHE 1;


ALTER TABLE public.galaxy_galaxy_id_seq OWNER TO freecodecamp;

--
-- Name: galaxy_galaxy_id_seq; Type: SEQUENCE OWNED BY; Schema: public; Owner: freecodecamp
--

ALTER SEQUENCE public.galaxy_galaxy_id_seq OWNED BY public.galaxy.galaxy_id;


--
-- Name: moon; Type: TABLE; Schema: public; Owner: freecodecamp
--

CREATE TABLE public.moon (
    moon_id integer NOT NULL,
    name character varying(30) NOT NULL,
    moon_key text,
    planet_id integer,
    distance_from_planet numeric(5,2)
);


ALTER TABLE public.moon OWNER TO freecodecamp;

--
-- Name: moon_moon_id_seq; Type: SEQUENCE; Schema: public; Owner: freecodecamp
--

CREATE SEQUENCE public.moon_moon_id_seq
    AS integer
    START WITH 1
    INCREMENT BY 1
    NO MINVALUE
    NO MAXVALUE
    CACHE 1;


ALTER TABLE public.moon_moon_id_seq OWNER TO freecodecamp;

--
-- Name: moon_moon_id_seq; Type: SEQUENCE OWNED BY; Schema: public; Owner: freecodecamp
--

ALTER SEQUENCE public.moon_moon_id_seq OWNED BY public.moon.moon_id;


--
-- Name: planet; Type: TABLE; Schema: public; Owner: freecodecamp
--

CREATE TABLE public.planet (
    planet_id integer NOT NULL,
    name character varying(30) NOT NULL,
    distance_from_sun integer NOT NULL,
    no_of_moon integer,
    star_id integer,
    planet_key text
);


ALTER TABLE public.planet OWNER TO freecodecamp;

--
-- Name: planet_planet_id_seq; Type: SEQUENCE; Schema: public; Owner: freecodecamp
--

CREATE SEQUENCE public.planet_planet_id_seq
    AS integer
    START WITH 1
    INCREMENT BY 1
    NO MINVALUE
    NO MAXVALUE
    CACHE 1;


ALTER TABLE public.planet_planet_id_seq OWNER TO freecodecamp;

--
-- Name: planet_planet_id_seq; Type: SEQUENCE OWNED BY; Schema: public; Owner: freecodecamp
--

ALTER SEQUENCE public.planet_planet_id_seq OWNED BY public.planet.planet_id;


--
-- Name: planet_range; Type: TABLE; Schema: public; Owner: freecodecamp
--

CREATE TABLE public.planet_range (
    planet_range_id integer NOT NULL,
    planet_id integer NOT NULL,
    range text,
    name character varying(30)
);


ALTER TABLE public.planet_range OWNER TO freecodecamp;

--
-- Name: planet_range_serial_no_seq; Type: SEQUENCE; Schema: public; Owner: freecodecamp
--

CREATE SEQUENCE public.planet_range_serial_no_seq
    AS integer
    START WITH 1
    INCREMENT BY 1
    NO MINVALUE
    NO MAXVALUE
    CACHE 1;


ALTER TABLE public.planet_range_serial_no_seq OWNER TO freecodecamp;

--
-- Name: planet_range_serial_no_seq; Type: SEQUENCE OWNED BY; Schema: public; Owner: freecodecamp
--

ALTER SEQUENCE public.planet_range_serial_no_seq OWNED BY public.planet_range.planet_range_id;


--
-- Name: star; Type: TABLE; Schema: public; Owner: freecodecamp
--

CREATE TABLE public.star (
    star_id integer NOT NULL,
    name character varying(30) NOT NULL,
    star_mass numeric(3,1),
    star_age integer,
    no_of_planets integer,
    star_existence boolean,
    galaxy_id integer
);


ALTER TABLE public.star OWNER TO freecodecamp;

--
-- Name: star_star_id_seq; Type: SEQUENCE; Schema: public; Owner: freecodecamp
--

CREATE SEQUENCE public.star_star_id_seq
    AS integer
    START WITH 1
    INCREMENT BY 1
    NO MINVALUE
    NO MAXVALUE
    CACHE 1;


ALTER TABLE public.star_star_id_seq OWNER TO freecodecamp;

--
-- Name: star_star_id_seq; Type: SEQUENCE OWNED BY; Schema: public; Owner: freecodecamp
--

ALTER SEQUENCE public.star_star_id_seq OWNED BY public.star.star_id;


--
-- Name: galaxy galaxy_id; Type: DEFAULT; Schema: public; Owner: freecodecamp
--

ALTER TABLE ONLY public.galaxy ALTER COLUMN galaxy_id SET DEFAULT nextval('public.galaxy_galaxy_id_seq'::regclass);


--
-- Name: moon moon_id; Type: DEFAULT; Schema: public; Owner: freecodecamp
--

ALTER TABLE ONLY public.moon ALTER COLUMN moon_id SET DEFAULT nextval('public.moon_moon_id_seq'::regclass);


--
-- Name: planet planet_id; Type: DEFAULT; Schema: public; Owner: freecodecamp
--

ALTER TABLE ONLY public.planet ALTER COLUMN planet_id SET DEFAULT nextval('public.planet_planet_id_seq'::regclass);


--
-- Name: planet_range planet_range_id; Type: DEFAULT; Schema: public; Owner: freecodecamp
--

ALTER TABLE ONLY public.planet_range ALTER COLUMN planet_range_id SET DEFAULT nextval('public.planet_range_serial_no_seq'::regclass);


--
-- Name: star star_id; Type: DEFAULT; Schema: public; Owner: freecodecamp
--

ALTER TABLE ONLY public.star ALTER COLUMN star_id SET DEFAULT nextval('public.star_star_id_seq'::regclass);


--
-- Data for Name: galaxy; Type: TABLE DATA; Schema: public; Owner: freecodecamp
--

INSERT INTO public.galaxy VALUES (1, 'Andromeda', 2, 2.0, true, 'Andromeda');
INSERT INTO public.galaxy VALUES (2, 'Milky Way', 0, 1.5, true, 'sagittarius');
INSERT INTO public.galaxy VALUES (3, 'Backward', 111, 4.4, false, 'Centaurus');
INSERT INTO public.galaxy VALUES (4, 'Butterfly', 60, 8.4, false, 'Virgo');
INSERT INTO public.galaxy VALUES (5, 'Antennae galaxy', 500, 10.0, true, 'Corvus');
INSERT INTO public.galaxy VALUES (6, 'Whirlpool', 25, NULL, false, 'Canes venatici');


--
-- Data for Name: moon; Type: TABLE DATA; Schema: public; Owner: freecodecamp
--

INSERT INTO public.moon VALUES (1, 'Moon', 'M', 3, 0.38);
INSERT INTO public.moon VALUES (2, 'Phobos', 'P', 4, 0.06);
INSERT INTO public.moon VALUES (3, 'Deimos', 'D', 4, 0.23);
INSERT INTO public.moon VALUES (4, 'Europa', 'E', 5, 0.67);
INSERT INTO public.moon VALUES (5, 'Lo', 'L', 5, 628.30);
INSERT INTO public.moon VALUES (6, 'Himalia', 'H', 5, 11.40);
INSERT INTO public.moon VALUES (7, 'Leda', 'F', 5, 11.00);
INSERT INTO public.moon VALUES (8, 'Ananke', 'A', 5, 21.20);
INSERT INTO public.moon VALUES (9, 'Carme', 'C', 5, 22.60);
INSERT INTO public.moon VALUES (10, 'Sinope', 'S', 5, 23.70);
INSERT INTO public.moon VALUES (11, 'Pasiphae', 'T', 5, 23.50);
INSERT INTO public.moon VALUES (12, 'Tethys', 'Y', 6, 0.29);
INSERT INTO public.moon VALUES (13, 'Dione', 'O', 6, 0.37);
INSERT INTO public.moon VALUES (15, 'Rhea', 'R', 6, 0.52);
INSERT INTO public.moon VALUES (14, 'Titan', 'N', 6, 1.22);
INSERT INTO public.moon VALUES (16, 'Mimas', 'I', 6, 0.39);
INSERT INTO public.moon VALUES (17, 'Enceladus', 'U', 6, 0.23);
INSERT INTO public.moon VALUES (18, 'Lapetus', 'Z', 6, 3.56);
INSERT INTO public.moon VALUES (19, 'Juliet', 'J', 7, 0.04);
INSERT INTO public.moon VALUES (20, 'Bianca', 'B', 7, 0.59);
INSERT INTO public.moon VALUES (21, 'Cressida', 'c', 7, 0.61);


--
-- Data for Name: planet; Type: TABLE DATA; Schema: public; Owner: freecodecamp
--

INSERT INTO public.planet VALUES (1, 'Mercury', 58, 0, 1, 'M');
INSERT INTO public.planet VALUES (2, 'Venus', 108, 0, 1, 'V');
INSERT INTO public.planet VALUES (3, 'Earth', 149, 1, 1, 'E');
INSERT INTO public.planet VALUES (4, 'Mars', 227, 2, 1, 'R');
INSERT INTO public.planet VALUES (5, 'Jupiter', 778, 80, 1, 'J');
INSERT INTO public.planet VALUES (6, 'Saturn', 1434, 83, 1, 'S');
INSERT INTO public.planet VALUES (7, 'Uranus', 2871, 27, 1, 'U');
INSERT INTO public.planet VALUES (8, 'Neptune', 4495, 14, 1, 'N');
INSERT INTO public.planet VALUES (9, 'Keplar 186f', 4, NULL, 6, 'K');
INSERT INTO public.planet VALUES (10, 'Keplar 186b', 1, NULL, 6, 'L');
INSERT INTO public.planet VALUES (11, 'Keplar 186c', 1, NULL, 6, 'O');
INSERT INTO public.planet VALUES (12, 'Proxima Centauri B', 2, 7, 5, 'P');


--
-- Data for Name: planet_range; Type: TABLE DATA; Schema: public; Owner: freecodecamp
--

INSERT INTO public.planet_range VALUES (1, 1, 'I', 'Interior');
INSERT INTO public.planet_range VALUES (2, 2, 'I', 'Interior');
INSERT INTO public.planet_range VALUES (3, 3, 'I', 'Interior');
INSERT INTO public.planet_range VALUES (4, 4, 'I', 'Interior');
INSERT INTO public.planet_range VALUES (5, 5, 'E', 'Exterior');
INSERT INTO public.planet_range VALUES (6, 6, 'E', 'Exterior');
INSERT INTO public.planet_range VALUES (7, 7, 'E', 'Exterior');
INSERT INTO public.planet_range VALUES (8, 8, 'E', 'Exterior');


--
-- Data for Name: star; Type: TABLE DATA; Schema: public; Owner: freecodecamp
--

INSERT INTO public.star VALUES (3, 'Sirus', 2.0, 230, 3, true, 2);
INSERT INTO public.star VALUES (4, 'Alpha Centauri', 0.1, 5000, 2, true, 2);
INSERT INTO public.star VALUES (1, 'Sun', 1.9, 4, 8, true, 2);
INSERT INTO public.star VALUES (2, 'Polris', 5.4, 1, 0, true, 2);
INSERT INTO public.star VALUES (5, 'Proxima Centauri', 2.4, 4853, NULL, true, 2);
INSERT INTO public.star VALUES (6, 'Keplar', 10.8, NULL, NULL, true, 1);


--
-- Name: galaxy_galaxy_id_seq; Type: SEQUENCE SET; Schema: public; Owner: freecodecamp
--

SELECT pg_catalog.setval('public.galaxy_galaxy_id_seq', 5, true);


--
-- Name: moon_moon_id_seq; Type: SEQUENCE SET; Schema: public; Owner: freecodecamp
--

SELECT pg_catalog.setval('public.moon_moon_id_seq', 44, true);


--
-- Name: planet_planet_id_seq; Type: SEQUENCE SET; Schema: public; Owner: freecodecamp
--

SELECT pg_catalog.setval('public.planet_planet_id_seq', 48, true);


--
-- Name: planet_range_serial_no_seq; Type: SEQUENCE SET; Schema: public; Owner: freecodecamp
--

SELECT pg_catalog.setval('public.planet_range_serial_no_seq', 1, false);


--
-- Name: star_star_id_seq; Type: SEQUENCE SET; Schema: public; Owner: freecodecamp
--

SELECT pg_catalog.setval('public.star_star_id_seq', 6, true);


--
-- Name: galaxy galaxy_galaxy_id_key; Type: CONSTRAINT; Schema: public; Owner: freecodecamp
--

ALTER TABLE ONLY public.galaxy
    ADD CONSTRAINT galaxy_galaxy_id_key UNIQUE (galaxy_id);


--
-- Name: galaxy galaxy_pkey; Type: CONSTRAINT; Schema: public; Owner: freecodecamp
--

ALTER TABLE ONLY public.galaxy
    ADD CONSTRAINT galaxy_pkey PRIMARY KEY (galaxy_id);


--
-- Name: moon moon_moon_key_key; Type: CONSTRAINT; Schema: public; Owner: freecodecamp
--

ALTER TABLE ONLY public.moon
    ADD CONSTRAINT moon_moon_key_key UNIQUE (moon_key);


--
-- Name: moon moon_pkey; Type: CONSTRAINT; Schema: public; Owner: freecodecamp
--

ALTER TABLE ONLY public.moon
    ADD CONSTRAINT moon_pkey PRIMARY KEY (moon_id);


--
-- Name: planet planet_pkey; Type: CONSTRAINT; Schema: public; Owner: freecodecamp
--

ALTER TABLE ONLY public.planet
    ADD CONSTRAINT planet_pkey PRIMARY KEY (planet_id);


--
-- Name: planet planet_planet_key_key; Type: CONSTRAINT; Schema: public; Owner: freecodecamp
--

ALTER TABLE ONLY public.planet
    ADD CONSTRAINT planet_planet_key_key UNIQUE (planet_key);


--
-- Name: planet_range planet_range_pkey; Type: CONSTRAINT; Schema: public; Owner: freecodecamp
--

ALTER TABLE ONLY public.planet_range
    ADD CONSTRAINT planet_range_pkey PRIMARY KEY (planet_range_id);


--
-- Name: planet_range planet_range_serial_no_key; Type: CONSTRAINT; Schema: public; Owner: freecodecamp
--

ALTER TABLE ONLY public.planet_range
    ADD CONSTRAINT planet_range_serial_no_key UNIQUE (planet_range_id);


--
-- Name: star star_pkey; Type: CONSTRAINT; Schema: public; Owner: freecodecamp
--

ALTER TABLE ONLY public.star
    ADD CONSTRAINT star_pkey PRIMARY KEY (star_id);


--
-- Name: star star_star_id_key; Type: CONSTRAINT; Schema: public; Owner: freecodecamp
--

ALTER TABLE ONLY public.star
    ADD CONSTRAINT star_star_id_key UNIQUE (star_id);


--
-- Name: moon moon_planet_id_fkey; Type: FK CONSTRAINT; Schema: public; Owner: freecodecamp
--

ALTER TABLE ONLY public.moon
    ADD CONSTRAINT moon_planet_id_fkey FOREIGN KEY (planet_id) REFERENCES public.planet(planet_id);


--
-- Name: planet_range planet_range_planet_id_fkey; Type: FK CONSTRAINT; Schema: public; Owner: freecodecamp
--

ALTER TABLE ONLY public.planet_range
    ADD CONSTRAINT planet_range_planet_id_fkey FOREIGN KEY (planet_id) REFERENCES public.planet(planet_id);


--
-- Name: planet planet_star_id_fkey; Type: FK CONSTRAINT; Schema: public; Owner: freecodecamp
--

ALTER TABLE ONLY public.planet
    ADD CONSTRAINT planet_star_id_fkey FOREIGN KEY (star_id) REFERENCES public.star(star_id);


--
-- Name: star star_galaxy_id_fkey; Type: FK CONSTRAINT; Schema: public; Owner: freecodecamp
--

ALTER TABLE ONLY public.star
    ADD CONSTRAINT star_galaxy_id_fkey FOREIGN KEY (galaxy_id) REFERENCES public.galaxy(galaxy_id);


--
-- PostgreSQL database dump complete
--

